API Name,Rows Required,English Display Name,English Description,Turkish Display Name,Turkish Description,Hidden,Set By
SKILL_ROWS_002,2,Shelf Collector 2,Correctly complete 2 shelf tasks. A full PSA cabinet counts as one task.,Raf Koleksiyoncusu 2,2 raf görevini doğru tamamla. Tam dolu bir PSA dolabı bir görev sayılır.,false,Client
SKILL_ROWS_003,3,Shelf Collector 3,Correctly complete 3 shelf tasks. A full PSA cabinet counts as one task.,Raf Koleksiyoncusu 3,3 raf görevini doğru tamamla. Tam dolu bir PSA dolabı bir görev sayılır.,false,Client
SKILL_ROWS_004,4,Shelf Collector 4,Correctly complete 4 shelf tasks. A full PSA cabinet counts as one task.,Raf Koleksiyoncusu 4,4 raf görevini doğru tamamla. Tam dolu bir PSA dolabı bir görev sayılır.,false,Client
SKILL_ROWS_005,5,Shelf Collector 5,Correctly complete 5 shelf tasks. A full PSA cabinet counts as one task.,Raf Koleksiyoncusu 5,5 raf görevini doğru tamamla. Tam dolu bir PSA dolabı bir görev sayılır.,false,Client
SKILL_ROWS_006,6,Shelf Collector 6,Correctly complete 6 shelf tasks. A full PSA cabinet counts as one task.,Raf Koleksiyoncusu 6,6 raf görevini doğru tamamla. Tam dolu bir PSA dolabı bir görev sayılır.,false,Client
SKILL_ROWS_007,7,Shelf Collector 7,Correctly complete 7 shelf tasks. A full PSA cabinet counts as one task.,Raf Koleksiyoncusu 7,7 raf görevini doğru tamamla. Tam dolu bir PSA dolabı bir görev sayılır.,false,Client
SKILL_ROWS_008,8,Shelf Collector 8,Correctly complete 8 shelf tasks. A full PSA cabinet counts as one task.,Raf Koleksiyoncusu 8,8 raf görevini doğru tamamla. Tam dolu bir PSA dolabı bir görev sayılır.,false,Client
SKILL_ROWS_009,9,Shelf Collector 9,Correctly complete 9 shelf tasks. A full PSA cabinet counts as one task.,Raf Koleksiyoncusu 9,9 raf görevini doğru tamamla. Tam dolu bir PSA dolabı bir görev sayılır.,false,Client
SKILL_ROWS_010,10,Shelf Collector 10,Correctly complete 10 shelf tasks. A full PSA cabinet counts as one task.,Raf Koleksiyoncusu 10,10 raf görevini doğru tamamla. Tam dolu bir PSA dolabı bir görev sayılır.,false,Client
SKILL_ROWS_011,11,Shelf Collector 11,Correctly complete 11 shelf tasks. A full PSA cabinet counts as one task.,Raf Koleksiyoncusu 11,11 raf görevini doğru tamamla. Tam dolu bir PSA dolabı bir görev sayılır.,false,Client
SKILL_ROWS_012,12,Shelf Collector 12,Correctly complete 12 shelf tasks. A full PSA cabinet counts as one task.,Raf Koleksiyoncusu 12,12 raf görevini doğru tamamla. Tam dolu bir PSA dolabı bir görev sayılır.,false,Client
SKILL_ROWS_013,13,Shelf Collector 13,Correctly complete 13 shelf tasks. A full PSA cabinet counts as one task.,Raf Koleksiyoncusu 13,13 raf görevini doğru tamamla. Tam dolu bir PSA dolabı bir görev sayılır.,false,Client
SKILL_ROWS_014,14,Shelf Collector 14,Correctly complete 14 shelf tasks. A full PSA cabinet counts as one task.,Raf Koleksiyoncusu 14,14 raf görevini doğru tamamla. Tam dolu bir PSA dolabı bir görev sayılır.,false,Client
SKILL_ROWS_015,15,Shelf Collector 15,Correctly complete 15 shelf tasks. A full PSA cabinet counts as one task.,Raf Koleksiyoncusu 15,15 raf görevini doğru tamamla. Tam dolu bir PSA dolabı bir görev sayılır.,false,Client
SKILL_ROWS_016,16,Shelf Collector 16,Correctly complete 16 shelf tasks. A full PSA cabinet counts as one task.,Raf Koleksiyoncusu 16,16 raf görevini doğru tamamla. Tam dolu bir PSA dolabı bir görev sayılır.,false,Client
SKILL_ROWS_017,17,Shelf Collector 17,Correctly complete 17 shelf tasks. A full PSA cabinet counts as one task.,Raf Koleksiyoncusu 17,17 raf görevini doğru tamamla. Tam dolu bir PSA dolabı bir görev sayılır.,false,Client
SKILL_ROWS_018,18,Shelf Collector 18,Correctly complete 18 shelf tasks. A full PSA cabinet counts as one task.,Raf Koleksiyoncusu 18,18 raf görevini doğru tamamla. Tam dolu bir PSA dolabı bir görev sayılır.,false,Client
SKILL_ROWS_021,21,Shelf Collector 21,Correctly complete 21 shelf tasks. A full PSA cabinet counts as one task.,Raf Koleksiyoncusu 21,21 raf görevini doğru tamamla. Tam dolu bir PSA dolabı bir görev sayılır.,false,Client
SKILL_ROWS_024,24,Shelf Collector 24,Correctly complete 24 shelf tasks. A full PSA cabinet counts as one task.,Raf Koleksiyoncusu 24,24 raf görevini doğru tamamla. Tam dolu bir PSA dolabı bir görev sayılır.,false,Client
SKILL_ROWS_027,27,Shelf Collector 27,Correctly complete 27 shelf tasks. A full PSA cabinet counts as one task.,Raf Koleksiyoncusu 27,27 raf görevini doğru tamamla. Tam dolu bir PSA dolabı bir görev sayılır.,false,Client
SKILL_ROWS_031,31,Shelf Collector 31,Correctly complete 31 shelf tasks. A full PSA cabinet counts as one task.,Raf Koleksiyoncusu 31,31 raf görevini doğru tamamla. Tam dolu bir PSA dolabı bir görev sayılır.,false,Client
SKILL_ROWS_035,35,Shelf Collector 35,Correctly complete 35 shelf tasks. A full PSA cabinet counts as one task.,Raf Koleksiyoncusu 35,35 raf görevini doğru tamamla. Tam dolu bir PSA dolabı bir görev sayılır.,false,Client
SKILL_ROWS_039,39,Shelf Collector 39,Correctly complete 39 shelf tasks. A full PSA cabinet counts as one task.,Raf Koleksiyoncusu 39,39 raf görevini doğru tamamla. Tam dolu bir PSA dolabı bir görev sayılır.,false,Client
SKILL_ROWS_044,44,Shelf Collector 44,Correctly complete 44 shelf tasks. A full PSA cabinet counts as one task.,Raf Koleksiyoncusu 44,44 raf görevini doğru tamamla. Tam dolu bir PSA dolabı bir görev sayılır.,false,Client
SKILL_ROWS_049,49,Shelf Collector 49,Correctly complete 49 shelf tasks. A full PSA cabinet counts as one task.,Raf Koleksiyoncusu 49,49 raf görevini doğru tamamla. Tam dolu bir PSA dolabı bir görev sayılır.,false,Client
SKILL_ROWS_055,55,Shelf Collector 55,Correctly complete 55 shelf tasks. A full PSA cabinet counts as one task.,Raf Koleksiyoncusu 55,55 raf görevini doğru tamamla. Tam dolu bir PSA dolabı bir görev sayılır.,false,Client
SKILL_ROWS_061,61,Shelf Collector 61,Correctly complete 61 shelf tasks. A full PSA cabinet counts as one task.,Raf Koleksiyoncusu 61,61 raf görevini doğru tamamla. Tam dolu bir PSA dolabı bir görev sayılır.,false,Client
SKILL_ROWS_068,68,Shelf Collector 68,Correctly complete 68 shelf tasks. A full PSA cabinet counts as one task.,Raf Koleksiyoncusu 68,68 raf görevini doğru tamamla. Tam dolu bir PSA dolabı bir görev sayılır.,false,Client
SKILL_ROWS_075,75,Shelf Collector 75,Correctly complete 75 shelf tasks. A full PSA cabinet counts as one task.,Raf Koleksiyoncusu 75,75 raf görevini doğru tamamla. Tam dolu bir PSA dolabı bir görev sayılır.,false,Client
SKILL_ROWS_083,83,Shelf Collector 83,Correctly complete 83 shelf tasks. A full PSA cabinet counts as one task.,Raf Koleksiyoncusu 83,83 raf görevini doğru tamamla. Tam dolu bir PSA dolabı bir görev sayılır.,false,Client
SKILL_ROWS_091,91,Shelf Collector 91,Correctly complete 91 shelf tasks. A full PSA cabinet counts as one task.,Raf Koleksiyoncusu 91,91 raf görevini doğru tamamla. Tam dolu bir PSA dolabı bir görev sayılır.,false,Client
SKILL_ROWS_100,100,Shelf Collector 100,Correctly complete 100 shelf tasks. A full PSA cabinet counts as one task.,Raf Koleksiyoncusu 100,100 raf görevini doğru tamamla. Tam dolu bir PSA dolabı bir görev sayılır.,false,Client
SKILL_ROWS_109,109,Shelf Collector 109,Correctly complete 109 shelf tasks. A full PSA cabinet counts as one task.,Raf Koleksiyoncusu 109,109 raf görevini doğru tamamla. Tam dolu bir PSA dolabı bir görev sayılır.,false,Client
SKILL_ROWS_119,119,Shelf Collector 119,Correctly complete 119 shelf tasks. A full PSA cabinet counts as one task.,Raf Koleksiyoncusu 119,119 raf görevini doğru tamamla. Tam dolu bir PSA dolabı bir görev sayılır.,false,Client
SKILL_ROWS_129,129,Shelf Collector 129,Correctly complete 129 shelf tasks. A full PSA cabinet counts as one task.,Raf Koleksiyoncusu 129,129 raf görevini doğru tamamla. Tam dolu bir PSA dolabı bir görev sayılır.,false,Client
SKILL_ROWS_140,140,Shelf Collector 140,Correctly complete 140 shelf tasks. A full PSA cabinet counts as one task.,Raf Koleksiyoncusu 140,140 raf görevini doğru tamamla. Tam dolu bir PSA dolabı bir görev sayılır.,false,Client
SKILL_ROWS_152,152,Shelf Collector 152,Correctly complete 152 shelf tasks. A full PSA cabinet counts as one task.,Raf Koleksiyoncusu 152,152 raf görevini doğru tamamla. Tam dolu bir PSA dolabı bir görev sayılır.,false,Client
SKILL_ROWS_165,165,Shelf Collector 165,Correctly complete 165 shelf tasks. A full PSA cabinet counts as one task.,Raf Koleksiyoncusu 165,165 raf görevini doğru tamamla. Tam dolu bir PSA dolabı bir görev sayılır.,false,Client
SKILL_ROWS_179,179,Shelf Collector 179,Correctly complete 179 shelf tasks. A full PSA cabinet counts as one task.,Raf Koleksiyoncusu 179,179 raf görevini doğru tamamla. Tam dolu bir PSA dolabı bir görev sayılır.,false,Client
SKILL_ROWS_194,194,Shelf Collector 194,Correctly complete 194 shelf tasks. A full PSA cabinet counts as one task.,Raf Koleksiyoncusu 194,194 raf görevini doğru tamamla. Tam dolu bir PSA dolabı bir görev sayılır.,false,Client
SKILL_ROWS_214,214,Shelf Collector 214,Correctly complete 214 shelf tasks. A full PSA cabinet counts as one task.,Raf Koleksiyoncusu 214,214 raf görevini doğru tamamla. Tam dolu bir PSA dolabı bir görev sayılır.,false,Client
SKILL_ROWS_239,239,Shelf Collector 239,Correctly complete 239 shelf tasks. A full PSA cabinet counts as one task.,Raf Koleksiyoncusu 239,239 raf görevini doğru tamamla. Tam dolu bir PSA dolabı bir görev sayılır.,false,Client
SKILL_ROWS_269,269,Shelf Collector 269,Correctly complete 269 shelf tasks. A full PSA cabinet counts as one task.,Raf Koleksiyoncusu 269,269 raf görevini doğru tamamla. Tam dolu bir PSA dolabı bir görev sayılır.,false,Client
SKILL_ROWS_309,309,Shelf Collector 309,Correctly complete 309 shelf tasks. A full PSA cabinet counts as one task.,Raf Koleksiyoncusu 309,309 raf görevini doğru tamamla. Tam dolu bir PSA dolabı bir görev sayılır.,false,Client
SKILL_ROWS_359,359,Shelf Collector 359,Correctly complete 359 shelf tasks. A full PSA cabinet counts as one task.,Raf Koleksiyoncusu 359,359 raf görevini doğru tamamla. Tam dolu bir PSA dolabı bir görev sayılır.,false,Client
SKILL_ROWS_409,409,Shelf Collector 409,Correctly complete 409 shelf tasks. A full PSA cabinet counts as one task.,Raf Koleksiyoncusu 409,409 raf görevini doğru tamamla. Tam dolu bir PSA dolabı bir görev sayılır.,false,Client
SKILL_ROWS_459,459,Shelf Collector 459,Correctly complete 459 shelf tasks. A full PSA cabinet counts as one task.,Raf Koleksiyoncusu 459,459 raf görevini doğru tamamla. Tam dolu bir PSA dolabı bir görev sayılır.,false,Client
SKILL_ROWS_509,509,Shelf Collector 509,Correctly complete 509 shelf tasks. A full PSA cabinet counts as one task.,Raf Koleksiyoncusu 509,509 raf görevini doğru tamamla. Tam dolu bir PSA dolabı bir görev sayılır.,false,Client
